ca3242,::1,GET,http://localhost:8000/login,1500569620,,500
06d81b,::1,GET,http://localhost:8000/login,1500569622,,500
14d89d,::1,GET,http://localhost:8000/login/,1500569626,,404
37cb94,::1,GET,http://localhost:8000/login,1500569629,,500
c4d9c1,::1,GET,http://localhost:8000/,1500569638,,500
fef7d7,::1,GET,http://localhost:8000/,1500569660,,500
bbb9ca,::1,GET,http://localhost:8000/,1500569686,,200
31471e,::1,GET,http://localhost:8000/,1500569688,,200
eef5de,::1,GET,http://localhost:8000/,1500569699,,200
8e08a4,::1,GET,http://localhost:8000/,1500569701,,200
c28463,::1,GET,http://localhost:8000/login,1500569712,,200
fd4f4f,::1,GET,http://localhost:8000/login,1500569714,,200
9f7585,::1,GET,http://localhost:8000/logout,1500569767,,302
343aee,::1,GET,http://localhost:8000/,1500569767,,200
f4b1b8,::1,GET,http://localhost:8000/login,1500569777,,200
a6972f,::1,POST,http://localhost:8000/login_check,1500569793,,302
57b0c7,::1,GET,http://localhost:8000/login,1500569793,,200
d02b9f,::1,POST,http://localhost:8000/login_check,1500569858,,302
957414,::1,GET,http://localhost:8000/login,1500569858,,200
6bfe56,::1,POST,http://localhost:8000/login_check,1500569870,,302
d00177,::1,GET,http://localhost:8000/login,1500569870,,200
1c7cff,::1,POST,http://localhost:8000/login_check,1500569883,,302
c0b8a9,::1,GET,http://localhost:8000/login,1500569883,,200
1a191b,::1,POST,http://localhost:8000/login_check,1500569885,,302
342baa,::1,GET,http://localhost:8000/login,1500569885,,200
8b081a,::1,POST,http://localhost:8000/login_check,1500569886,,302
3af114,::1,GET,http://localhost:8000/login,1500569887,,200
0f9910,::1,POST,http://localhost:8000/login_check,1500569935,,302
852d58,::1,GET,http://localhost:8000/login,1500569935,,200
38e677,::1,POST,http://localhost:8000/login_check,1500569993,,302
13628e,::1,GET,http://localhost:8000/login,1500569993,,200
fcd188,::1,POST,http://localhost:8000/login_check,1500569995,,302
514926,::1,GET,http://localhost:8000/login,1500569995,,200
4644c5,::1,POST,http://localhost:8000/login_check,1500569997,,302
eac3f9,::1,GET,http://localhost:8000/login,1500569997,,200
59b873,::1,GET,http://localhost:8000/login_check,1500570069,,404
fcf3e7,::1,POST,http://localhost:8000/login_check,1500570072,,302
47043c,::1,GET,http://localhost:8000/login,1500570073,,200
87709c,::1,POST,http://localhost:8000/login_check,1500570309,,302
0b5121,::1,GET,http://localhost:8000/login,1500570309,,200
cbb322,::1,POST,http://localhost:8000/login_check,1500570408,,302
6e9870,::1,GET,http://localhost:8000/login,1500570408,,200
db2a9c,::1,GET,http://localhost:8000/login,1500640313,,200
8d3d7b,::1,POST,http://localhost:8000/login_check,1500640863,,302
930e20,::1,GET,http://localhost:8000/login,1500640863,,200
5f442a,::1,POST,http://localhost:8000/login_check,1500640865,,302
be3feb,::1,GET,http://localhost:8000/login,1500640865,,200
5c23d8,::1,GET,http://localhost:8000/login,1500640876,,200
3f3a0a,::1,POST,http://localhost:8000/login_check,1500640878,,302
63c15f,::1,GET,http://localhost:8000/,1500640878,,200
a925d8,::1,GET,http://localhost:8000/logout,1500641541,,302
ccd42f,::1,GET,http://localhost:8000/,1500641541,,200
77e140,::1,GET,http://localhost:8000/login,1500641552,,200
bc9a4b,::1,POST,http://localhost:8000/login_check,1500641556,,302
57a763,::1,GET,http://localhost:8000/,1500641556,,200
8da098,::1,GET,http://localhost:8000/,1500641580,,200
cc6dd2,::1,GET,http://localhost:8000/logout,1500641596,,302
d5e4c6,::1,GET,http://localhost:8000/,1500641596,,200
b38957,::1,GET,http://localhost:8000/login,1500641608,,200
72c858,::1,POST,http://localhost:8000/login_check,1500641611,,302
1e42f8,::1,GET,http://localhost:8000/login,1500641611,,200
17f472,::1,POST,http://localhost:8000/login_check,1500641743,,302
2b9a4a,::1,GET,http://localhost:8000/,1500641743,,200
86b980,::1,GET,http://localhost:8000/logout,1500641851,,302
1b0244,::1,GET,http://localhost:8000/,1500641851,,200
f69df6,::1,GET,http://localhost:8000/login,1500641854,,200
0d440c,::1,GET,http://localhost:8000/login_check,1500642581,,404
271d87,::1,GET,http://localhost:8000/login_check,1500642594,,404
d514bb,::1,GET,http://localhost:8000/login_check,1500642610,,404
a03dee,::1,GET,http://localhost:8000/,1500642675,,200
069251,::1,GET,http://localhost:8000/,1500642843,,200
c338eb,::1,POST,http://localhost:8000/login_check,1500642854,,302
c98f2d,::1,GET,http://localhost:8000/,1500642854,,200
f0c489,::1,GET,http://localhost:8000/logout,1500643010,,302
d189fe,::1,GET,http://localhost:8000/,1500643010,,200
09cd54,::1,GET,http://localhost:8000/login,1500643019,,200
2a1cf9,::1,GET,http://localhost:8000/,1500643229,,200
5b11e7,::1,GET,http://localhost:8000/logout,1500643249,,302
0c4d94,::1,GET,http://localhost:8000/,1500643249,,200
759e81,::1,GET,http://localhost:8000/login,1500643254,,200
4be5bf,::1,GET,http://localhost:8000/,1500643359,,200
53b496,::1,GET,http://localhost:8000/logout,1500643372,,302
1144df,::1,GET,http://localhost:8000/,1500643372,,200
edb2d2,::1,GET,http://localhost:8000/login_check,1500643385,,404
4a07cf,::1,GET,http://localhost:8000/logout,1500643397,,302
298de0,::1,GET,http://localhost:8000/,1500643397,,200
5fe36c,::1,GET,http://localhost:8000/login,1500643401,,200
ca64c4,::1,POST,http://localhost:8000/login_check,1500643451,,302
89efee,::1,GET,http://localhost:8000/,1500643452,,200
ef9a79,::1,GET,http://localhost:8000/,1500643459,,200
dfd5b7,::1,POST,http://localhost:8000/login_check,1500643935,,302
a59bb4,::1,GET,http://localhost:8000/,1500643935,,200
a73a6c,::1,GET,http://localhost:8000/,1500643978,,200
a4e34f,::1,GET,http://localhost:8000/,1500643979,,200
da69ca,::1,GET,http://localhost:8000/,1500643987,,200
92b667,::1,GET,http://localhost:8000/,1500644108,,200
82f666,::1,GET,http://localhost:8000/,1500644121,,200
e4aa54,::1,GET,http://localhost:8000/,1500644204,,200
8564b6,::1,GET,http://localhost:8000/login,1500644219,,200
f4224e,::1,GET,http://localhost:8000/logout,1500644223,,302
3cb720,::1,GET,http://localhost:8000/,1500644223,,200
03b96b,::1,GET,http://localhost:8000/login,1500644225,,200
5dcd5e,::1,POST,http://localhost:8000/login_check,1500644228,,302
d42ee7,::1,GET,http://localhost:8000/login,1500644228,,200
d5ec85,::1,POST,http://localhost:8000/login_check,1500644791,,302
89d3e9,::1,GET,http://localhost:8000/,1500644791,,200
18a0a9,::1,GET,http://localhost:8000/,1500644810,,200
5a9c9b,::1,GET,http://localhost:8000/,1500644931,,200
963bd9,::1,GET,http://localhost:8000/,1500644948,,200
af480a,::1,GET,http://localhost:8000/,1500644974,,200
3b4338,::1,GET,http://localhost:8000/,1500645315,,200
a4bea6,::1,GET,http://localhost:8000/,1500645323,,200
152905,::1,GET,http://localhost:8000/,1500645457,,200
24691e,::1,GET,http://localhost:8000/login,1500645468,,200
b177a5,::1,GET,http://localhost:8000/logout,1500645474,,302
257b8a,::1,GET,http://localhost:8000/,1500645474,,200
5434cc,::1,GET,http://localhost:8000/login,1500645487,,200
4a452c,::1,POST,http://localhost:8000/login_check,1500645491,,302
6883c1,::1,GET,http://localhost:8000/login,1500645492,,200
ebc2d6,::1,POST,http://localhost:8000/login_check,1500645494,,302
f8751b,::1,GET,http://localhost:8000/login,1500645494,,200
13a9b3,::1,POST,http://localhost:8000/login_check,1500645496,,302
11a53d,::1,GET,http://localhost:8000/,1500645496,,200
